{
	"description": "ECharts 图表示例",
	"setting": {
		"urlCheck": true,
		"es6": true,
		"postcss": false,
		"minified": false,
		"newFeature": true
	},
	"compileType": "miniprogram",
	"libVersion": "2.10.2",
	"appid": "wxee40007e9b62f5d0",
	"projectname": "ECharts%20Demo",
	"simulatorType": "wechat",
	"simulatorPluginLibVersion": {},
	"condition": {
		"search": {
			"current": -1,
			"list": []
		},
		"conversation": {
			"current": -1,
			"list": []
		},
		"miniprogram": {
			"current": -1,
			"list": []
		}
	}
}